ID,wikipedia,upvotes,title
1,https://en.wikipedia.org/wiki/The_Blood_Donor,8194,"TIL that after needing 13 liters of blood for a surgery at the age of 13, a man named James Harrison pledged to donate blood once he turned 18. It was discovered that his blood contained a rare antigen which cured Rhesus disease. He has donated blood a record 1,000 times and saved 2,000,000 lives. "
2,https://en.wikipedia.org/wiki/Endal,6920,"TIL that, after his disabled owner was struck by a car, 'Endal' the service dog pulled his unconscious owner into the recovery position, retrieved his mobile phone from beneath the car, fetched a blanket and covered him, and then ran to a nearby hotel to obtain help"
3,https://en.wikipedia.org/wiki/Alex_(parrot),6304,"TIL the first animal to ask an existential question was from a parrot named Alex. He asked what color he was, and learned that it was ""grey""."
4,https://en.wikipedia.org/wiki/Benjamin_Franklin,6195,"TIL that when Benjamin Franklin died in 1790, he willed the cities of Boston and Philadelphia $4,400 each, but with the stipulation that the money could not be spent for 200 years. By 1990 Boston's trust was worth over $5 million."
5,https://en.wikipedia.org/wiki/Vampire,6068,"TIL that vampire bats will die if they can't find blood for two nights in a row. Luckily, generous well-fed bats will often regurgitate blood to share with others, in exchange for grooming. This has been noted by many naturalists as an example of reciprocal altruism in nature."
6,https://en.wikipedia.org/wiki/Intelligence,5965,TIL it is illegal in many countries to perform surgical procedures on an octopus without anesthesia due to their intelligence
7,https://en.wikipedia.org/wiki/Bee,5803,"TIL Central American Stingless Bees have been cultivated by Mayans for thousands of years. The bees are regarded as pets and their hives hung in and around the home. Some hives have been recorded as lasting over 80 years, being passed down through generations."
8,https://en.wikipedia.org/wiki/$_(film),5359,TIL George Lucas allowed the band members of 'N SYNC to make a cameo appearance in Star Wars Episode II: Attack of the Clones in order to appease his daughters. The footage was then cut out of the final version of the film
9,https://en.wikipedia.org/wiki/Wax_bullet,5188,TIL that pistol dueling with wax bullets was a popular pastime in the early 20th century and even featured as a sport in the 1908 Summer Olympics
10,https://en.wikipedia.org/wiki/Assassination_of_James_A._Garfield,5172,TIL President Garfield's assassin chose an ivory-handled gun over a similar wooden-handled model because he knew it would look better in a museum exhibit.
11,https://en.wikipedia.org/wiki/The_Skydivers,5091,"TIL when skydiver Joan Murray's parachute failed, she approached the ground at 80 miles (128km) per hour, landing on a mound of fire ants. The shock from being stung over 200 times by the ants released a surge of adrenaline which kept her heart beating, and allowed her to survive."
12,https://en.wikipedia.org/wiki/California,5047,"TIL that in 1987, there were only 22 California Condors left on the planet. All of them were caught to help preserve the species, and now there are 435 birds, 237 of which are in the wild."
13,https://en.wikipedia.org/wiki/Pope,5036,"TIL one of the Popes was a 100% accident. In the Middle Ages, cardinals would often vote for a random candidate on the first papal ballot in order to see how the other cardinals were leaning, but in 1334 this backfired when they all voted for the same person: the very surprised Pope Benedict XII."
14,https://en.wikipedia.org/wiki/It_(novel),5005,"TIL a writer tested how hard it was for unknowns to get published by querying the National Book Award winning novel ""Steps"". All thirteen agents and fourteen publishers rejected it, including Random House, which had published the book but didn't recognize it."
15,https://en.wikipedia.org/wiki/Fiji_Water,4983,"TIL that Fiji water company ran the slogan ""Fiji, because it's not bottled in Cleveland"". The Cleveland water dept. Took offense, and ran a test determining that Fiji water has more impurities than the cities' tap water."
16,https://en.wikipedia.org/wiki/Monty_Python_and_the_Holy_Grail,4838,"TIL that the rabbit used in Monty Python and the Holy Grail was a real rabbit. Also, the crew used a red dye which they thought was washable, but then had to halt shooting while they desperately attempted to wash the dye off before the owner arrived."
17,https://en.wikipedia.org/wiki/Tin_Tins,4789,"TIL all of the tin produced in the US is recycled. The United States has neither mined tin since 1993 nor smelted tin since 1989, but it was the largest secondary producer, recycling nearly 14,000 tonnes in 2006."
18,https://en.wikipedia.org/wiki/Microsoft,4774,TIL The guy who snagged windows2000.com happened to be named Bob and Microsoft just happened to own Bob.com. They came to an agreement to trade one for the other.
19,https://en.wikipedia.org/wiki/Law,4770,"TIL Ants cannot be seriously injured from impact with the ground after being dropped from any height, because they don't have enough mass."
20,https://en.wikipedia.org/wiki/Poon_Lim,4712,"TIL Poon Kim holds the record for surviving adrift in a life raft at 133 days in 1942-43. When told no one had ever survived longer on a raft at sea, he replied, ""I hope no one will ever have to break that record."""
21,https://en.wikipedia.org/wiki/Audie_Murphy,4704,"TIL That despite being on hard times, One of the US most decorated war veterans repeatedly turned down offers to appear in Alcohol and Tobacco commercials because he knew it would be a bad role model for young people. The soldier, Audie Murphy, had won every single US Army Award for combat in WWII."
22,https://en.wikipedia.org/wiki/James_Cameron,4675,"TIL That after watching Star Wars for the first time in 1977, James Cameron quit his job as a truck driver to enter the film industry."
23,https://en.wikipedia.org/wiki/2005_Tour_de_France,4619,"TIL that  if officials awarded Lance Armstrong's 2005 Tour De France title to the next fastest finisher who has never been linked to doping, they'd have to give it to the 23rd place finisher"
24,https://en.wikipedia.org/wiki/Obsidian,4616,"TIL Obsidian can be made into a scalpel with a cutting edge of 3 nanometers. A strand of DNA is 2.5 nm, a sheet of paper 100,000 nm"
25,https://en.wikipedia.org/wiki/Jellyfish,4563,"TIL that a tiny (1sq. cm) transparent Australian jellyfish has venom delivering tentacles a metre long, and whose sting causes Irunkandji syndrome, which induces feelings of impending doom, severe pain, and cardiac arrest."
26,https://en.wikipedia.org/wiki/Potoooooooo,4513,"TIL there was a famous 18th century racehorse named Potoooooooo. His original name was Potatoes. Potatoes acquired the strange spelling of his nickname, Pot-8-Os, when a stable lad was asked to write it on a feed bin. The lad's version, Potoooooooo, was said to amuse his lordship so he kept it."
27,https://en.wikipedia.org/wiki/Where_the_Wild_Things_Are,4484,"TIL that ""Where the Wild Things Are"" was originally titled ""Land of the Wild Horses"" until the author Maurice Sendak realized that he couldn't draw horses and changed the name."
28,https://en.wikipedia.org/wiki/Run!,4420,"TIL that in 1993 Creedence Clearwater Revival's record label sued former lead singer John Fogerty because his song ""The Old Man Down the Road"" sounded similar to ""Run Through the Jungle."" Although Fogerty was awarded attorney fees, the judge found that ""an artist can't plagiarize himself."""
29,https://en.wikipedia.org/wiki/Pilot_(Lost),4412,TIL The pilot episode of LOST was so expensive (~$14million) that the network president was fired for greenlighting it.
30,https://en.wikipedia.org/wiki/Criticism_of_the_theory_of_relativity,4368,"TIL when Einstein was told of the publication of a book entitled, '100 Authors Against Einstein', he replied: ""Why one hundred? If I were wrong, one would have been enough."""
31,https://en.wikipedia.org/wiki/Scooby-Doo_(film),4362,"TIL that Tim Curry, who is an avid Scooby-Doo fan, was originally cast to be in the 2002 film Scooby-Doo, but dropped out when he learned that Scrappy Doo would be in the movie."
32,https://en.wikipedia.org/wiki/Futurama,4341,"TIL that the writing staff of Futurama held three Ph.D.s, seven masters degrees, and cumulatively had more than 50 years at Harvard"
33,https://en.wikipedia.org/wiki/D12,4326,"TIL that the band D12 planned to find the 12 best rappers of Detroit but found only 6, so they created alter-egos in order to have 12. That's when Eminem came up with Slim Shady"
34,https://en.wikipedia.org/wiki/Rail_transport_in_Japan,4318,"TIL That trains in Japan are so punctual, that if they are even 5 minutes late, the passengers get a formal apology, and most times they'll even get a ""delay certificate."" Delays that are over an hour will also appear on the news."
35,https://en.wikipedia.org/wiki/Pseudoscorpion,4299,"TIL that tiny pseudoscorpions (about 4mm) live inside old books, effectively protecting them by eating booklice and dustmites"
36,https://en.wikipedia.org/wiki/Nerd,4289,"TIL when a factory worker from Wonka was asked about the production of Nerds candy, he said ""Basically we start off with a sugar crystal and we just keep coating it with more sugar."""
37,https://en.wikipedia.org/wiki/Antwerp_Diamond_Heist,4248,"TIL a man stole $100 million in diamonds, bypassing a 100-million-combination lock, infrared sensors, seismic sensor, and private security force, but was convicted by DNA he'd left on a partially eaten sandwich near the scene."
38,https://en.wikipedia.org/wiki/Seinfeld,4243,"TIL That Larry David had quit his writing job at SNL midseason, only to show up to work a few days later acting as though nothing had happened."
39,https://en.wikipedia.org/wiki/Natural_nuclear_fission_reactor,4237,"TIL in 1972 a pocket of uranium in Africa was found to have undergone self-sustaining nuclear fission for over 100,000 years, making it the only known naturally formed nuclear reactor."
40,https://en.wikipedia.org/wiki/Mortal_Kombat,4213,"TIL that despite being one of the most successful fighting games of all time, ""Mortal Kombat"" only had a development team of four people."
41,https://en.wikipedia.org/wiki/Arthur_Conan_Doyle,4182,"TIL that Sir Arthur Conan Doyle, creator of Sherlock Holmes, helped get two falsely accused men out of prison after solving their previously closed cases."
42,https://en.wikipedia.org/wiki/Fred_Rogers,4179,"TIL that Mr Rodgers, when receiving his Lifetime Achievement Award at the 1997 Daytime Emmys, asked his audience to take ""ten seconds to think of the people who have helped you become who you are"", causing many to cry."
43,https://en.wikipedia.org/wiki/Land_mine,4176,"TIL Landmines planted on the coasts during the Falklands War accidentally created penguin sanctuaries. The penguins are too light to detonate the mines, so they live and breed safely. The sanctuaries are so popular and profitable that there are efforts to prevent removal of the mines."
44,https://en.wikipedia.org/wiki/Copyright_Term_Extension_Act,4140,TIL Disney successfully lobbied Congress to extend the length of copyright protection in order to prevent Mickey Mouse from entering the public domain. The law was later referred to as the Mickey Mouse Protection Act
45,https://en.wikipedia.org/wiki/Albert_Einstein,4103,"TIL that Einstein was stopped so much in public, he would reply, ""Pardon me, sorry! Always I am mistaken for Professor Einstein."""
46,https://en.wikipedia.org/wiki/Hoover_Dam,4085,"TIL that the Hoover Dam is expected to be one of the last remaining visible structures from our species, and it contains a star map that if no other means were available, could be used to determine the exact date on which Hoover Dam was completed."
47,https://en.wikipedia.org/wiki/British_Army,4071,"TIL that in 1787 a man was hanged for deserting and re-enlisting in the British Army 47 times, in order to get the large bounty obtained upon joining the army."
48,https://en.wikipedia.org/wiki/Bob_Marley,4052,"TIL that before a concert to ease violent tensions in Jamaica, Bob Marley was shot. He went on to perform, injured, stating that, ""The people who are trying to make this world worse aren't taking a day off. How can I?"""
49,https://en.wikipedia.org/wiki/Robert_Hanssen,4048,"TIL that in 1997, four years before being arrested for spying for the KGB, Robert Hanssen was caught using a password cracker on a federal computer. When asked about this, he said that he was simply trying to install a color printer, and so he needed the administrator password. They believed him."
50,https://en.wikipedia.org/wiki/Batman,4045,"TIL Michael Keaton refused 15,000,000 to play Batman Forever because Tim Burton was dropped as its director."
51,https://en.wikipedia.org/wiki/Bill_Nye,4037,TIL Bill Nye went from an engineering position at Boeing to a job as a comedian before ultimately becoming the Science Guy
52,https://en.wikipedia.org/wiki/Lenovo,4036,"TIL Yang (Lenovo's CEO) received a $3 million bonus as a reward for record profits, which he in-turn redistributed to about 10,000 of Lenovo's employees. He did same thing again in 2013."
53,https://en.wikipedia.org/wiki/Romanian_Treasure,4028,"TIL that Romania shipped 93.4 TONES of gold to Rusia in 1916 so that Russia would safe keep the Romanian Treasure in the Kremlin until the end of the war. And, as of 2014, they gave back only 33 kg of it."
54,https://en.wikipedia.org/wiki/Christoph_Waltz,4022,TIL Christoph Waltz is his own voice actor in the German and French dubs of Inglourious Basterds and Django Unchained
55,https://en.wikipedia.org/wiki/Kyshtym_disaster,4019,"TIL Before Chernobyl, the Soviets had another massive nuclear disaster which contaminated over 20,000 square km. The area was turned into a preserve to cover up the accident. The CIA knew of the accident, but also covered it up in order to protect the fledgling US nuclear industry from hysteria."
56,https://en.wikipedia.org/wiki/Kent_(cigarette),4002,TIL in 1952 claims smoking causes cancer caused Kent cigarettes to come out with an asbestos filter to protect its smokers
57,https://en.wikipedia.org/wiki/Beavis,3984,"TIL MTV banned Beavis and Butthead from referencing fire, specifically Beavis' ""Fire"" chant, after an arson was blamed on the show. In response, the show had Beavis chant words similar to fire such as fryer. The ban was lifted for the revival and Beavis says fire 7 times in the first video segment."
58,https://en.wikipedia.org/wiki/Iranian_Embassy_siege,3949,"TiL that, during the Iranian Embassy Siege, when given the choice of who from their number would be released, the hostages chose a man whose loud snoring was keeping them awake"
59,https://en.wikipedia.org/wiki/Kasparov_versus_the_World,3940,"TIL in 1999 chess Grandmaster Garry Kasparov played The World in a game of chess that lasted over four months. Over 50,000 people from more than 75 countries participated in the game with moves being decided by majority vote. Garry ended up winning on turn 62 when 51% of The World decided to resign."
60,https://en.wikipedia.org/wiki/Toto_(Oz),3938,TIL The dog that played Toto in The Wizard of Oz was paid a salary that was higher than the actors who played the Munchkins
61,https://en.wikipedia.org/wiki/Cameron_(Terminator),3921,"TIL While James Cameron was stricken with food poisoning in Rome on a film set, he had a nightmare about an invincible robot hit man sent from the future to kill him giving him the idea for the Terminator catapulting his career."
62,https://en.wikipedia.org/wiki/Bourbon_whiskey,3912,"TIL The state of Kentucky currently has 4.9 million barrels of bourbon that are aging, which exceeds the state's own population."
63,https://en.wikipedia.org/wiki/Johnny_Depp,3898,"TIL that Johnny Depp's daughter nearly died from an E.Coli infection and had an extended hospital stay. In order to thank the hospital for taking care of her, Depp dressed up as Jack Sparrow and read stories to kids for four hours."
64,https://en.wikipedia.org/wiki/Monty_Python's_Life_of_Brian,3893,"TIL Monty Python's Life of Brian was mainly financed by George Harrison after EMI withdrew their funding. Harrison put up the money for it as he ""wanted to see the movie"" (this was later described by Terry Jones as the ""world's most expensive cinema ticket"")."
65,https://en.wikipedia.org/wiki/Ferris_Bueller's_Day_Off,3889,"TIL the boring, monotone lecture Ben Stein delivers in Ferris Bueller was originally meant to be off-camera, but the student extras laughed so hard at his voice that John Hughes decided to shoot it. It was a topic that Stein actually knew a lot about, supply-side economics, and it was improvised."
66,https://en.wikipedia.org/wiki/Termite,3885,"TIL termites are being researched as a possible renewable energy source as they can produce up to 2 litres of hydrogen from ingesting a single sheet of paper, making them one of the planet's most efficient bioreactors."
67,https://en.wikipedia.org/wiki/Mona_Lisa,3881,"TIL that the Mona Lisa has no clearly visible eyelashes or eyebrows. In 2007, an engineer used high resolution scans to show the painting was originally painted with clearly visible eyebrows or eyelashes and they gradually disappeared over time, possibly because of overcleaning."
68,https://en.wikipedia.org/wiki/In_Time,3874,"TIL human life expectancy has increased more in the last 50 years than in the previous 200,000 years of human existence."
69,https://en.wikipedia.org/wiki/Barnum's_American_Museum,3870,"TIL that P.T. Barnum noticed people were lingering too long at his exhibits so he posted signs indicating ""This Way to the Egress"". Not knowing that ""Egress"" was another word for ""Exit"", people followed the signs to what they assumed was a fascinating exhibit and ended up outside."
70,https://en.wikipedia.org/wiki/Macaroni_and_cheese,3869,TIL the earliest known recipe for macaroni and cheese dates back to 14th century England
71,https://en.wikipedia.org/wiki/Groundhog_Day_(film),3859,"TIL in a review of the film ""Groundhog Day"", The Washington Post noted it was a good Bill Murray vehicle, but wrote ""It will never be designated a national film treasure by the Library of Congress"". The film was selected for preservation in the Library of Congress in 2006."
72,"https://en.wikipedia.org/wiki/""Weird_Al""_Yankovic",3843,"TIL Weird Al Yankovic has asked permission from Prince to parody his songs on numerous occasions, and has always been refused. When the two were assigned to sit in the same row at an award's show, he got a telegram from Prince's lawyers demanding he not make eye contact"
73,https://en.wikipedia.org/wiki/Sun_of_Suns,3841,"TIL that the Aztecs believed themselves to be living in the fifth world. The fourth was destroyed by flood, the third by fire, the second by hurricanes and the first when jaguars ate everybody."
74,https://en.wikipedia.org/wiki/Harald_Bluetooth,3833,"TIL the symbol for bluetooth is a bind rune made from the pre-viking runes of the tenth century king, Harald Bluetooth's name."
75,https://en.wikipedia.org/wiki/Cher,3826,"TIL a WW1 homing pigeon saved 194 men by continuing her flight after losing a leg, an eye and having been shot through the chest."
76,https://en.wikipedia.org/wiki/Microsleep,3821,TIL that sleep deprived drivers cause accidents because of 'microsleep' episodes during which they lose consciousness for up to thirty seconds. Most people do not realize that they had a microsleep episode and think they were awake all along.
77,https://en.wikipedia.org/wiki/1974_White_House_helicopter_incident,3813,"TIL that in 1974 a US soldier stole a helicopter and flew to the White House in Washington, D.C. As he hovered above the south grounds, the Executive Protective Service shot and injured him, forcing him to land. He only received a one-year prison sentence and $2,400 in fines."
78,https://en.wikipedia.org/wiki/Sega,3813,"TIL Sega was actually an American company that started in Hawaii and moved to Japan to distribute coin-operated jukeboxes, games, and slot machines to military installations."
79,https://en.wikipedia.org/wiki/Confidence_trick,3805,"TIL in 1849 New York, a man would walk up to strangers and begin a conversation. Gaining their trust, he would ask ""Have you the confidence to trust me with your watch until tomorrow?"" He would never return. When finally caught, he was labeled a ""confidence man"", later shortened to simply ""con man""."
80,https://en.wikipedia.org/wiki/Shakira,3791,"TIL that Shakira was rejected from the school choir because her music teacher said that she sounded ""like a goat."""
81,https://en.wikipedia.org/wiki/Charlie_Chaplin,3785,"TIL that when Charlie Chaplin received his honorary Oscar, he received a 12-minute standing ovation - the longest in Oscar history."
82,https://en.wikipedia.org/wiki/Koala,3782,"TIL that due to their small brains koalas are unable to perform complex, unfamiliar tasks such as eat leaves off of flat surfaces."
83,https://en.wikipedia.org/wiki/Mirror,3772,TIL some large telescopes use liquid mercury for a reflective mirror instead of glass. The rotating liquid assumes the paraboloidal shape regardless of the container's shape and has a much lower cost than traditional glass mirrors.
84,https://en.wikipedia.org/wiki/Great_Famine_(Ireland),3767,TIL the population of Ireland still hasn't recovered from the famine of 1845-1852. It was at 8 million before the famine and is at 4.5 million today.
85,https://en.wikipedia.org/wiki/Cornfield_Bomber,3764,"TIL that while in a spin, a pilot ejected from his plane only to watch his unmanned F-106 recover from the spin and land safely in a field."
86,https://en.wikipedia.org/wiki/George_Foreman,3752,TIL George Foreman was collecting 40% of the profits on the George Foreman Grill until they paid him $137 million to buy the rights to his name.
87,"https://en.wikipedia.org/wiki/Churchill,_Manitoba",3750,"TIL that in Churchill, Canada many locals leave their cars unlocked in case someone needs to make a quick escape from a polar bear."
88,https://en.wikipedia.org/wiki/Sonic_hedgehog,3714,"TIL that the ""SEGA"" chant at the beginning of Sonic the Hedgehog took up 1/8th of the memory on the cartridge."
89,https://en.wikipedia.org/wiki/Bummer_and_Lazarus,3678,"TIL in 1860's San Francisco, two stray dogs who were best friends became local celebrities. Their exploits were celebrated in local papers and they were granted immunity from the city's dog catchers."
90,https://en.wikipedia.org/wiki/Central_Air_Data_Computer,3671,TIL The first microprocessor was not made by Intel. It was actually a classified custom chip used to control the swing wings and flight controls on the first F-14 Tomcats.
91,https://en.wikipedia.org/wiki/Pingala,3662,TIL the Fibonacci Sequence was described by an Indian mathematician ~1200 years before Fibonacci wrote of it
92,https://en.wikipedia.org/wiki/Battle_of_the_Bulge,3651,"TIL the 1964 Hollywood War Spectacular 'The Battle of the Bulge' was so historically inaccurate, that President Dwight D Eisenhower came out of retirement and held a press conference just to denounce the film."
93,https://en.wikipedia.org/wiki/T.I.,3650,"TIL Rapper T.I. Has not once, but twice talked suicidal people off the ledge"
94,https://en.wikipedia.org/wiki/Robert_Liston,3646,"TIL Robert Liston is the only surgeon in history to have performed an operation with a 300% mortality rate, losing his patient to infection, accidentally amputating his assistant's fingers, who also died of infection, and slashing a spectator who died from shock"
95,https://en.wikipedia.org/wiki/Sequel,3625,"TIL that Bambi and Bambi II hold the record for the longest gap in between movie sequels, the first being released in 1942, the second being released 64 years later in 2006."
96,https://en.wikipedia.org/wiki/Agent_Orange,3624,"TIL that in 1966 and 1967, soldiers testing Agent Orange in Canada were told the chemical was completely safe and sprayed it on each other to cool off."
97,https://en.wikipedia.org/wiki/Spice,3615,TIL 70% of the spices used in the world come from one country. India.
98,https://en.wikipedia.org/wiki/40oz._to_Freedom,3614,"TIL that while recording their debut album, 40oz. to Freedom, Sublime did not have permission to use the studio they were using. Their friend snuck them in. Bradley Nowell had said ""...they never knew we were there. We managed to get $30,000 worth of studio time for free""."
99,https://en.wikipedia.org/wiki/Queen_Sonja_of_Norway,3614,"TIL King Harald of Norway vowed to remain unmarried for life unless he could marry his true love, the daughter of a cloth merchant. She became the Queen of Norway."
100,https://en.wikipedia.org/wiki/Chubby_bunny,3611,TIL. There have been two known fatalities of people suffocating on marshmallows playing Chubby Bunny.
101,https://en.wikipedia.org/wiki/Mountain_Dew,3601,TIL Mountain Dew was created to be used as a mixer for Whiskey and the name was slang for Moonshine.
102,https://en.wikipedia.org/wiki/Rabies,3596,"TIL In Switzerland, Rabies has been virtually eradicated after scientists placed chicken heads laced with a vaccine in the Swiss Alps. The foxes of Switzerland, proven to be the main source of rabies in the country, ate the chicken heads and immunized themselves."
103,https://en.wikipedia.org/wiki/Financial_endowment,3592,TIL that Harvard earns enough money on interest from its endowment that it could offer free tuition to all students and still make profit on the interest.
104,https://en.wikipedia.org/wiki/Moment_(time),3588,"TIL that a ""moment"" is actually medieval unit of time that is equal to 1.5 minutes. There are 40 moments in an hour."
105,https://en.wikipedia.org/wiki/Ignaz_Semmelweis,3578,"TIL the doctor that proposed medical professionals should wash their hands before handling patients was so mocked by his peers that he suffered from a nervous breakdown. He was committed to a mental institution, dying from a septic wound that was not treated properly."
106,https://en.wikipedia.org/wiki/David_Steinberg,3572,"TIL that one of the more common crossword writers for the New York Times, David Steinerg, is 19 Years old. He was first published in the NYT when he was 14."
107,https://en.wikipedia.org/wiki/Ketchup,3562,"TIL When ketchup is labeled ""Fancy"" it's actually a USDA grade meaning it's thicker than standard ketchup."
108,https://en.wikipedia.org/wiki/Frank_Sinatra,3552,"TIL that Frank Sinatra has three stars on the Hollywood Walk Of Fame. One for film, one for music and one for television."
109,https://en.wikipedia.org/wiki/Dr._Seuss,3543,"TIL that in college, Theodor Seuss Geisel was caught drinking gin with his friends; as a result, his dean insisted he resign from the college magazine. To continue working on the magazine without the dean's knowledge, he began signing his work with ""Seuss,"" which he later changed to ""Dr. Seuss."""
110,https://en.wikipedia.org/wiki/Heart_(band),3543,"TIL the Beatles played a demo copy of ""Sgt. Pepper's Lonely Hearts Club Band"" before its release at full volume from an open apartment window at 6AM. Instead of complaining, the residents opened their windows and listened, aware they were hearing unreleased Beatles music."
111,https://en.wikipedia.org/wiki/Leaning_Tower_of_Pisa,3527,TIL that during WW2 the Allies discovered that the Germans were using the Leaning Tower of Pisa as an observation post. A U.S Army Sergeant that was sent to the tower to confirm the presence of German troops was impressed by its beauty and decided to not order an artillery strike on it.
112,https://en.wikipedia.org/wiki/Walter_Keane,3527,"TIL when Margaret Keane sued her ex-husband, Walter Keane for plagiarizing, The judge asked both of them to paint a painting in front of the courtroom. Walter declined, saying he had a sore shoulder, whereas Margerat completed her painting in 53 minutes."
113,https://en.wikipedia.org/wiki/The_Mask,3526,"TIL the first goalie mask worn in a NHL game wasn't until a goalie took a puck to the face, got stitched up, and refused to return to the game unless he could wear a mask."
114,https://en.wikipedia.org/wiki/Fido_(dog),3523,"TIL the original Fido was a 1940s Italian street dog who became famous for his loyalty to his dead master, who died in a bombing. Fido waited 14 years at the bus station for him. The name means ""faithful"" in ancient Latin."
115,https://en.wikipedia.org/wiki/The_Raven,3523,"TIL that The Tower Of London's ravens are enlisted as soldiers of the Kingdom. As in the case with soldiers, the ravens can be dismissed for unsatisfactory conduct. Raven George (Enlisted 1977-1986) lost his appointment to the Crown, and was retired to Wales for attacking and destroying TV aerials."
116,https://en.wikipedia.org/wiki/Playing_card,3520,"TIL that during WWII, Bicycle playing cards were made so that, when submerged in water, they could be peeled apart to reveal parts of a map inside. When all put together, they were a larger map. These decks were given to POWs, so that if they escaped, they would have a map."
117,https://en.wikipedia.org/wiki/Bacon,3517,"TIL that the doubt regarding Shakespeare's actual authorship of the plays attributed to him was started by a 19th century American woman who had no proof, but just a ""feeling"" that Shakespeare couldn't have done it all himself."
118,https://en.wikipedia.org/wiki/Croissant,3513,"TIL Croissants are Austrian, not French."
119,https://en.wikipedia.org/wiki/Neutron_star,3488,"TIL that the fastest spinning Neutron star known to man, rotates at 716 complete rotations per second."
120,https://en.wikipedia.org/wiki/New_Guinea,3476,"TIL Around 1000 of the world's approximately 5,000 languages are spoken solely in New Guinea."
121,https://en.wikipedia.org/wiki/MythBusters,3475,"TIL Even with the bare minimum of driver training on its use, the British roundabout has been proven to be at least 20% more efficient at moving traffic through an intersection than any other design"
122,https://en.wikipedia.org/wiki/Snakes_on_a_Plane,3473,"TIL that after Samuel L. Jackson agreed to star in ""Snakes on a Plane"", producers tried to change the title but did not because Jackson agreed to do the film based on the title alone."
123,https://en.wikipedia.org/wiki/Hiroo_Onoda,3462,"TIL That a Japanese soldier was stranded on a island for 30 years, not knowing that the second world war had ended for 30 years. His commander came to the island to personally dismiss him in 1974."
124,https://en.wikipedia.org/wiki/Jackie_Coogan,3460,"TIL when child actor Jackie Coogan turned 18 he found out all his money ($68 million) had been spent by his mother who argued ""No promises were ever made to give Jackie anything. Every dollar a kid earns before he is 21 belongs to his parents."" Coogan's Bill was passed to protect child actors"
125,https://en.wikipedia.org/wiki/New_York_City_Subway,3459,"TIL Back when the NYC Subway used tokens, people called ""token suckers"" would jam token slots with paper and suck out stuck tokens with their mouths. To prevent this, some attendants would sprinkle chili powder into the slots."
126,https://en.wikipedia.org/wiki/Donkey,3453,"TIL that Miyamoto believed ""donkey"" meant ""stupid"" in English, and assumed the name Donkey Kong would convey the sense ""stupid ape"" to an American audience. When he suggested this name to Nintendo of America, he was laughed at, but the name stuck."
127,https://en.wikipedia.org/wiki/Le_Petit_Tourette,3452,"TIL that the Tourette Syndrome Association released a statement after the South Park episode ""Le Petit Tourette"" where they complimented the show on being ""well researched"" and that it ""served as a clever device"" to get accurate information to the public."
128,https://en.wikipedia.org/wiki/State_funerals_in_the_United_States,3444,"TIL that when George Washington passed away in 1799, Napoleon Bonaparte personally gave a eulogy and ordered a ten-day requiem. In Great Britain, the entire Royal Navy lowered its flags at half mast."
129,https://en.wikipedia.org/wiki/White_Coke,3440,TIL a Soviet Union Marshal commissioned a clear coca-cola that resembled vodka because he enjoyed the taste and didn't want to be seen drinking coke in public.
130,https://en.wikipedia.org/wiki/Raiders_of_the_Lost_Ark,3438,"TIL that Raiders of the Lost Ark grossed $384 million dollars in worldwide ticket sales. But it only had a budget of $18 million, giving it a profit ratio of over two-thousand percent."
131,https://en.wikipedia.org/wiki/Radio_Radio,3433,"TIL soldiers in WWII made simple radios using a razorblade and pencil as the diode, dubbing them Foxhole Radios."
132,https://en.wikipedia.org/wiki/Pablo_Picasso,3429,"TIL During the Second World War, Pablo Picasso remained in Paris while the Germans occupied the city. During one search of his apartment, a German officer saw a photograph of the painting Guernica. ""Did you do that?"" the German asked Picasso. To which he replied ""No, you did""."
133,https://en.wikipedia.org/wiki/The_Blue_Marble,3412,"TIL - ""The Blue Marble"" is the only whole-earth photo taken by human hands. No one has since been far enough from earth to take a similar picture."
134,https://en.wikipedia.org/wiki/Eritrea,3407,"TIL Eritrea, not North Korea, scores as the country with the least media freedom in the world"
135,https://en.wikipedia.org/wiki/Predator_(alien),3405,"TIL, after Rocky IV's release, a joke was making rounds that since Rocky had run out of opponents, he would have to fight an alien in the fifth installment. Screenwriters Jim and John Thomas took the joke seriously and wrote a screenplay based on the joke which became the movie Predator."
136,https://en.wikipedia.org/wiki/Lactose_intolerance,3404,"TIL Originally all humans were lactose intolerant, and those who aren't lactose intolerant are the ones with a mutation."
137,https://en.wikipedia.org/wiki/Gordon_Ramsay,3392,"TIL Gordon Ramsay left one of his first jobs while as an aspiring chef because he was tired of ""the rages the bullying and violence"" perpetrated by the head chef"
138,https://en.wikipedia.org/wiki/John_R._Fox,3388,"TIL that in World War II, American soldier John R. Fox died when he deliberately called an artillery strike on himself. Realizing that German troops were overrunning his party's position, the strike delayed the enemy long enough for other American units to organize a counter attack."
139,https://en.wikipedia.org/wiki/Rin_Tin_Tin,3386,"TIL popular dog actor Rin-Tin-Tin received the most votes for the first Academy Award for Best Actor, but was removed as a choice as the Academy felt a human should win instead"
140,https://en.wikipedia.org/wiki/Ferdinand_Foch,3375,"TIL that after the Treaty of Versailles, Marshal Ferdinand Foch said ""This is not a peace. It is an armistice for twenty years"". 20 years and 65 days later, WW2 broke out."
141,https://en.wikipedia.org/wiki/Chorioactis,3373,"TIL there is a species of fungus that only exists in Texas and rural Japan, and is thought to have been in both places for 19 million years"
142,https://en.wikipedia.org/wiki/Richard_Dean_Anderson,3349,TIL that Richard Dean Anderson was made an honorary Air Force Brigadier General for his role as Jack O'Neil on Stargate SG-1.
143,https://en.wikipedia.org/wiki/Castaway,3336,"TIL in 1812, an American ship rescued a British crew stranded on an island. While the Americans went out to search for food for the extra crew, the British took over the ship and left the Americans stranded on the island."
144,https://en.wikipedia.org/wiki/Haing_S._Ngor,3332,"TIL a doctor named Haing Ngor survived four years of genocide under the Khmer Rouge by pretending to be uneducated. After moving to America, he starred in a movie - as a man faking stupidity to survive the Khmer Rouge. He won an Oscar."
145,https://en.wikipedia.org/wiki/Arnold_Schwarzenegger,3327,TIL Arnold Schwarzenegger was not allowed to dub his own voice for the German version of Terminator because his Austrian accent was not considered tough.
146,https://en.wikipedia.org/wiki/Iran_hostage_crisis,3327,"TIL that during the Iran Hostage Crisis, American embassy staff tried to burn classified documents but the furnace malfunctioned, forcing them to use cheap paper shredders. After the takeover, Iran employed carpet weavers to put the shredded documents together."
147,https://en.wikipedia.org/wiki/Mr._T,3323,TIL When Mr T. was a Military Policeman he was ordered to chop down trees by a Sergeant as a punishment. He chopped down over 70 trees in 3 1/2 hours and only stopped when ordered to by a very shocked Major.
148,https://en.wikipedia.org/wiki/Mr._Smith_Goes_to_Washington,3320,"TIL after Hitler announced the banning of all American films during the occupation of France, a theater owner reportedly screened Mr. Smith Goes to Washington continuously for 30 days."
149,https://en.wikipedia.org/wiki/Poles,3319,"TIL The South Pole experiences a 6-month period of darkness, during which scientists at the Amundsen Scott South Pole Station have a tradition of watching The Thing, a movie about a humanoid alien who attacks an Arctic research outpost."
150,https://en.wikipedia.org/wiki/Tab_Clear,3318,"TIL Coke countered Crystal Pepsi with Tab Clear. The idea was that Tab was perceived as an inferior, boring diet type drink, and equating it as competition with Crystal Pepsi would damage its image. Coke succeeded and both products were dead within five months"
151,https://en.wikipedia.org/wiki/Wind,3312,"TIL Studio Ghibli adopted a strict 'no edits' policy after a disastrous 1985 dub of Nausica of the Valley of the Winds. On hearing Miramax would later try editing Princess Mononoke to make it more marketable, Studio Ghibli sent an authentic katana with a simple message: ""No cuts""."
152,https://en.wikipedia.org/wiki/James_Bond_(ornithologist),3306,"TIL the real James Bond was actually an Ornithologist. When asked by Ian Fleming if it was okay to use his name he replied simply: ""Fine With It."""
153,https://en.wikipedia.org/wiki/Ohio_Art_Company,3304,"TIL that the company that makes the Etch a Sketch was on the verge of bankruptcy when it agreed to let its drawing toy be featured in Toy Story 2. Although the scene featuring an Etch a Sketch was only 12 seconds long, it resulted in a 20 percent sales bump that helped to save the company."
154,https://en.wikipedia.org/wiki/Steve_Irwin,3304,"TIL That Steve Irwin was offered a state funeral following his death, however his dad rejected the government's offer citing that Steve would have wanted to have been remembered as ""an ordinary bloke""."
155,https://en.wikipedia.org/wiki/Gunner_(dog),3302,"TIL that during World War II in Australia, there was a dog whose hearing was so acute that it could warn airforce personnel of incoming Japanese planes 20 minutes before they arrived, and before they showed up on radar. ""Gunner"" could also differentiate the sounds of allied and enemy aircraft."
156,https://en.wikipedia.org/wiki/MPTP,3297,TIL a chemistry grad student accidentally synthesized the chemical MPTP and gave himself Parkinsonian Syndrome while trying to make opioids - accidentally advancing Parkinson's research at his own expense
157,https://en.wikipedia.org/wiki/Mackinac_Island,3286,"TIL Mackinac Island, MI has banned motorized vehicles for over a hundred years. Most travel is done by horse-drawn carriages or bikes."
158,https://en.wikipedia.org/wiki/Newman's_Own,3283,TIL Newman's own foods donates 100% of its post tax profits to charity. As of June 2012 these donations have exceeded 330 million dollars.
159,https://en.wikipedia.org/wiki/The_Frogger,3282,"TIL only 2 people (to date) have beaten George Costanza's fictional Frogger high score of 860,630 points."
160,https://en.wikipedia.org/wiki/Freddie_Mercury,3281,"TIL after the Freddie Mercury Tribute Concert was announced in 1992, all 72,000 tickets sold out in three hours, even though no performers were announced besides the remaining members of Queen."
161,https://en.wikipedia.org/wiki/Saving_Private_Ryan,3278,"TIL Saving Private Ryan depicted combat so realistically that veterans left theaters during the opening scene, stating that it was the the most realistic depiction of combat they had ever seen."
162,https://en.wikipedia.org/wiki/Mother's_Day,3264,"TIL that Anna Jarvis, the woman who founded Mother's Day, tried to get the holiday revoked when companies began to commercialize it for profits."
163,https://en.wikipedia.org/wiki/Singapore,3260,TIL Singapore is the only country in the history of the modern world to gain independence against its own will.
164,https://en.wikipedia.org/wiki/Lyme_disease,3259,TIL that a Lyme vaccine conferring immunity 76% of adults and 100% of children was removed from the market after an outcry by patient advocacy groups; despite no scientific evidence suggesting the vaccine was unsafe.
165,https://en.wikipedia.org/wiki/I_Am_Legend_(novel),3257,"TIL, In the novel I Am Legend, the vampires fear crosses, garlic and mirrors, only because they think they should."
166,https://en.wikipedia.org/wiki/Huracan,3251,"TIL that the Mayan god of wind and storms was called Jun Raqan, pronounced ""Huracan"", hence the word ""Hurricane""."
167,https://en.wikipedia.org/wiki/The_Puppy_Channel,3241,TIL there was a cable network called The Puppy Channel. All it did for three years was broadcast footage of puppies playing.
168,https://en.wikipedia.org/wiki/Committee_for_the_Promotion_of_Virtue_and_the_Prevention_of_Vice_(Saudi_Arabia),3239,"TIL that Saudi Arabia's religious police have an ""Anti-Witchcraft Unit"" who operate a hotline to which citizens can report magic."
169,https://en.wikipedia.org/wiki/Samuel_Adams,3238,"TIL that during the 2008 world hops shortage, the Samuel Adams brewery sold 108 craft breweries their excess hops, at cost, to help prevent them from going under."
170,https://en.wikipedia.org/wiki/Kintsugi,3231,"TIL that the Japanese will repair broken pottery with powder gold lacquer to highlight imperfections, not hide them. The process is called Kintsugi."
171,https://en.wikipedia.org/wiki/Paris_syndrome,3231,"TIL that ""Paris Syndome"" is a psychological disorder whereby Japanese tourists visiting Paris for the first time experience such severe culture shock that they become ill"
172,https://en.wikipedia.org/wiki/Eiffel_Tower,3221,TIL the Eiffel Tower requires 60 to 70 tonnes of paint to cover the entire structure. The tower is also painted a lighter shade at the bottom and a darker shade near the top to counteract the effect of atmospheric perspective.
173,https://en.wikipedia.org/wiki/Kim_Jong-nam,3221,"TIL that Kim Jong-Il's eldest son, Kim Jong-nam, was wideley consider to be the heir apparent to the title of Supreme Leader of North Korea until he attempted to enter Japan with a fake passport so that he could go to Disneyland"
174,https://en.wikipedia.org/wiki/McDonald's,3211,"TIL the word ""McJob"" was added to the Merriam-Webster's Collegiate Dictionary in 2003, defined as ""a low-paying job that requires little skill and provides little opportunity for advancement""."
175,https://en.wikipedia.org/wiki/Norman_Borlaug,3205,"TIL Norman Borlaug, an agricultural scientist, developed new strains of crops which yielded 4x as much food. He is said to have saved the lives of over a billion people, making him one of the most influential men in human history."
176,https://en.wikipedia.org/wiki/Socket_7,3201,"TIL There was a time when AMD and Intel CPUs used the same socket, and could run on the same motherboard."
177,https://en.wikipedia.org/wiki/Pachinko,3198,"TIL In Japan gambling is illegal, the way they get around the law is to give out prizes instead of cash, which the winner can then sell back to the establishment for cash."
178,https://en.wikipedia.org/wiki/Kid_A,3188,"TIL The Kids in the Hall got their name from an old Hollywood practice of blaming the young writers that hung out and wrote jokes on the fly in the hallways of live TV talk/variety shows when a joke bombed. ""I got this from the kids in the hall"""
179,https://en.wikipedia.org/wiki/Lord_Byron,3187,TIL Lord Byron was not allowed to keep his pet dog while he was at Trinity College. He kept a pet bear instead as there were no rules against having one.
180,https://en.wikipedia.org/wiki/Ginkgo_biloba,3179,TIL The Gingko Biloba species of tree is 270 million years old. It rarely suffers disease or insect attack and was one of the only living things to survive the Hiroshima nuclear bombing. The trees healed quickly and are still alive today.
181,https://en.wikipedia.org/wiki/The_Minority_Report,3177,"TIL Steven Spielberg often asks his stars to forego a fee in favour of a percentage of the gross profits. Tom Cruise took 15% of 'Minority Report', amounting to $53.7 million..."
182,https://en.wikipedia.org/wiki/Whitechapel_Bell_Foundry,3177,"TIL that the Liberty bell and Big Ben were cast by the same bell foundry, and that both bells are cracked."
183,https://en.wikipedia.org/wiki/Mizuho_Bank,3176,"TIL In 2005, an inexperienced trader at a Japanese bank tried to sell 1 share of J-Com stock for ¥640,000. He accidentally sold 640,000 shares for ¥1 each; the equivalent of selling $3bil worth of shares for the price of $5,000."
184,https://en.wikipedia.org/wiki/Sean's_Bar,3166,TIL there is a pub in Ireland that opened in 900 ad.
185,https://en.wikipedia.org/wiki/J._K._Rowling,3157,"TIL that in 2004, J.K. Rowling became the first person to become a billionaire by writing books."
186,https://en.wikipedia.org/wiki/David_Phillips_(entrepreneur),3156,"TIL an entrepreneur exploited a loophole of a Healthy Choice pudding promotion. By purchasing 12,150 Healthy Choice puddings totaling $3,140, he was able to earn 1,253,000 frequent flyer miles. He also donated all of the puddings and received an $815 tax deduction."
187,https://en.wikipedia.org/wiki/Dr_Pepper,3151,"TIL Dr Pepper is owned by neither PepsiCo or The Coca-Cola Company, but are instead only distributors. This is why you can find Dr Pepper in both Pepsi and Coke soda fountains And vending machines."
188,https://en.wikipedia.org/wiki/Jules_Verne,3141,"TIL Jules Verne wrote the novel ""Paris in the Twentieth Century"" back in 1863 and described a world of glass skyscrapers, high-speed trains, gas-powered automobiles, calculators, and a worldwide communications network."
189,https://en.wikipedia.org/wiki/Atmosphere_of_Titan,3140,"TIL on Titan the atmosphere is so thick and the gravity so low that humans could fly through it by flapping ""wings"" attached to their arms."
190,https://en.wikipedia.org/wiki/Mummy,3137,"TIL In 1974 Egyptologists observed Ramesses II's mummy's condition was rapidly deteriorating and flew it to Paris for examination. He was issued an Egyptian passport that listed his occupation as ""King (deceased)"". The mummy was received outside Paris, with full military honours befitting a king."
191,https://en.wikipedia.org/wiki/Babylonian_numerals,3133,"TIL ancient Babylonians did math in base 60 and not base 10, giving us 60 seconds in a minute, 360 degrees in a circle, etc."
192,https://en.wikipedia.org/wiki/John_Pemberton,3129,"TIL John Pemberton died a pennyless morphine addict after selling the rights to his alcohol-free morphine alternative, 'Coca-Cola', a formula he said ""some day will be a national drink""."
193,https://en.wikipedia.org/wiki/Brassica_oleracea,3123,"TIL broccoli, cauliflower, cabbage, Brussels sprouts, and kale are all different breeds of the same plant."
194,https://en.wikipedia.org/wiki/Assassination_of_Julius_Caesar,3122,"TIL that Julius Caesar's body was the subject of the earliest known recorded autopsy. Of the 23 stab wounds recorded, only one was potentially fatal on its own; the physician ruled his death due ""mostly to blood loss."""
195,https://en.wikipedia.org/wiki/Metric_system,3122,"TIL that in 1927 several million people in the United States sent over 100,000 petitions urging Congress to adopt the metric system."
196,https://en.wikipedia.org/wiki/James_Chadwick,3118,TIL Chadwick(the discoverer of the neutron) was a student of Rutherford (discoverer of the proton) who was the student of Thomson (the discoverer of the electron)
197,https://en.wikipedia.org/wiki/Browser_game,3111,"TIL that in 2010, when Google replaced their logo with playable Pacman, users spent an extra 36 seconds on the page. Assuming this time was wasted, it resulted in a $120M loss in man hours."
198,https://en.wikipedia.org/wiki/Grow_house,3109,"TIL that a large brawl in the US House of Reps shortly before the Civil War ended only when a stray punch knocked the wig off of Rep. William Barksdale. The embarrassed congressman accidentally replaced it backwards, causing both sides to erupt in spontaneous laughter."
199,https://en.wikipedia.org/wiki/List_of_Presidents_of_the_United_States,3091,"TIL President James Garfield entertained his friends by having them ask him questions, and then writing the answer in Latin with one hand while simultaneously answering in Greek with the other."
200,https://en.wikipedia.org/wiki/Metric_Conversion_Act,3089,"TIL that the United States has been on the metric system since 1975 through the Metric Conversion Act, declaring that the metric system is ""the preferred system of weights and measures for United States trade and commerce"""
201,https://en.wikipedia.org/wiki/Hippopotamus,3085,"TIL after Pablo Escobar's death, the 4 hippos he kept as pets have begun to breed and become an invasive species in Colombia"
202,https://en.wikipedia.org/wiki/Aggression,3084,TIL Moose attack more people annually than bears and wolves combined.
203,https://en.wikipedia.org/wiki/Aphakia,3082,"TIL All humans have the ability to see ultraviolet light, but it is passively filtered out by the eye's lens. People who undergo surgery to remove the lens can detect ultraviolet light."
204,https://en.wikipedia.org/wiki/Daniel_Balsam,3077,"TIL a man was so enraged by spam, that he quit his job to study law and now makes a living filing lawsuits against spammers."
205,https://en.wikipedia.org/wiki/Fibrodysplasia_ossificans_progressiva,3074,TIL that there is a condition nicknamed Stone man syndrome that converts damaged tissue to bone in the body.
206,https://en.wikipedia.org/wiki/Atlanta,3073,"TIL a book entitled Atlanta Nights was written by a group of sci-fi authors to be intentionally bad as a test for the publisher PublishAmerica. It included a chapter containing computer generated random sentences, and chapter 17 and 4 are word for word identical. The publisher accepted it."
207,https://en.wikipedia.org/wiki/Wasabi,3051,"TIL that wasabi has been researched as a fire alarm for the deaf. When tested, the subject woke up within 10 seconds of the vapor being sprayed in his room."
208,https://en.wikipedia.org/wiki/Robert_Louis_Stevenson,3049,"TIL that Robert Louis Stevenson, author of Treasure Island, formally donated his birthday by deed of gift to a friend's daughter who felt cheated that her own birthday was December 25th."
209,https://en.wikipedia.org/wiki/David_Labrava,3048,"TIL that the person who plays Happy on Sons of Anarchy, David LaBrava, was not an actor but a Hells Angels member brought in as a technical advisor. He was eventually cast as Happy and by the end of the show, he had his name in the opening credits."
210,https://en.wikipedia.org/wiki/Salty_and_Roselle,3046,"TIL that a guide dog calmly led 30 people down 1,463 steps out of the World Trade Center on 9/11 despite the confusion, smoke, and noise around them. Once safe, the dog then helped a woman who was blinded by the debris."
211,https://en.wikipedia.org/wiki/Nikolai_Vavilov,3045,"TIL during the Siege of Leningrad in WWII, 9 Soviet scientists died of starvation while protecting the world's largest seed bank, refusing to eat what they saw as their country's future."
212,https://en.wikipedia.org/wiki/Andrew_Jackson,3044,"TIL Andrew Jackson, in a duel, gave his opponent a free shot.  Hit in the chest, he returned fire, killing the man.  Later said ""if he had shot me through the brain, I should still have killed him."" "
213,https://en.wikipedia.org/wiki/Andre_Geim,3030,"TIL that Andre Geim won the satirical Ig Nobel Prize in 2000 for his work on using magnetism to levitate a frog. 10 years later, his experiments regarding graphene won him the 2010 Nobel Prize in Physics. This makes him the only ever recipient of both the Ig Nobel and Nobel Prizes."
214,https://en.wikipedia.org/wiki/Tim_Duncan,3030,"TIL that Tim Duncan of the San Antonio Spurs sacrificed money and stayed in college for four years instead of going directly to the NBA because in her last days, his dying mother made him promise to graduate college with a degree."
215,https://en.wikipedia.org/wiki/Conan_O'Brien,3026,"TIL that Conan O'Brien is credited as the key influence in The Simpsons change from grounded realism towards surreal and zany plots after he wrote the episode, ""Marge vs. the Monorail""."
216,https://en.wikipedia.org/wiki/Gender,3026,"TIL In Old English, 'man' was a gender neutral term. Males were known as 'wermen' and females were known as 'wifmen'."
217,https://en.wikipedia.org/wiki/Pizza_delivery,3022,"TIL at a launch site in South Dakota, the entrance to the underground missile launch control center is sealed by a blast-proof door painted like a Domino's Pizza logo, and hand-lettered text on the door reads ""World-wide delivery in 30 minutes or less, or your next one is free""."
218,https://en.wikipedia.org/wiki/Handcuffs,3018,"TIL depictions of handcuffs in the media are pixelated in Japan, as it implies guilt and prejudices the trial. France has a law which requires the same censorship."
219,https://en.wikipedia.org/wiki/Chess_in_Armenia,3017,"TIL that in Armenia, all children aged 6 and up are taught chess at school, as it is a mandatory part of their curriculum."
220,https://en.wikipedia.org/wiki/Ice_hockey,3017,"TIL the Canadian ice hockey team were so dominant that they did not participate in the knock-out tournament of the 1930 World Championships. They were put straight into the gold medal final game, and the tournament was played to determine an opponent. Canada won 6-1 in the final to claim the gold."
221,https://en.wikipedia.org/wiki/The_Original_Soup_Man,3016,"TIL After the 'Soup Nazi' episode aired, Seinfeld visited the man it was based off, Ali Yeganeh, who got angry. Seinfeld responded with ""the most insincere, sarcastic apology ever given."" Then, Yeganeh bellowed ""No Soup for You!"" and ejected them from his restaurant."
222,https://en.wikipedia.org/wiki/Bill_Gates,3015,TIL Bill Gates has donated over $28 Billion to charity and has stated he wishes to donate a further 95% of his wealth to charity.
223,https://en.wikipedia.org/wiki/U.S._postal_strike_of_1970,3009,"TIL that in 1970 the US Postal Service decided on a strike after a Congressional decision to raise the wages of postal workers by only 4%, at the same time as Congress raised its own pay by 41%"
224,https://en.wikipedia.org/wiki/The_Dark_Side_of_the_Moon,2998,TIL that 1 in every 14 people in the US under the age of 50 are estimated to have owned a copy of 'The Dark Side of The Moon' by Pink Floyd.
225,https://en.wikipedia.org/wiki/Eratosthenes,2994,TIL that humans actually knew the earth was round as early as 2500 years ago. Eratosthenes calculated the circumference of the planet to an astounding accuracy of around 99%.
226,https://en.wikipedia.org/wiki/Daniel_Steibelt,2993,"TIL Beethoven won a sight reading piano competition by turning his sheet music upside down, playing it, then improvising on one of its themes for thirty minutes. His opponent, Daniel Steibelt, never returned to challenge him again."
227,https://en.wikipedia.org/wiki/Syphilis,2989,"TIL before antibiotics, patients with syphilis were sometimes purposefully infected with malaria. This was because the bacteria that causes syphilis doesn't fare well at higher temperatures (a blistering fever is a side effect of malaria)."
228,https://en.wikipedia.org/wiki/List_of_rivers_by_length,2983,TIL Amazon and Congo were likely one river before Africa and S.America drifted apart.
229,https://en.wikipedia.org/wiki/Pelorus_Jack,2980,TIL a dolphin named Pelorus Jack regularly guided ships in New Zealand through treacherous waters until his disappearance in 1912.
230,https://en.wikipedia.org/wiki/Koi,2976,TIL a koi fish named Hanako lived for 225 years
231,https://en.wikipedia.org/wiki/Old_Norse,2976,"TIL Icelanders can easily read old norse, dead language that was spoken in scandinavia 1000 years ago because written Icelandic has changed so little."
232,https://en.wikipedia.org/wiki/Ozymandias_(Breaking_Bad),2966,"TIL After watching the Breaking Bad episode ""Ozymandias,"" George RR Martin called Walter White a worse monster than anyone in Westeros, and would write an even worse character in his upcoming books to correct this."
233,https://en.wikipedia.org/wiki/The_Holiday,2964,"TIL Cinco de Mayo is bigger in the US than it is in Mexico, mostly because beer manufacturers saw it as a marketing opportunity in the 1980's"
234,https://en.wikipedia.org/wiki/Korn,2962,"TIL after a student was suspended for wearing one of their tees, the band Korn gave away hundreds of their shirts to a Michigan high school. Police actually helped hand out the tees."
235,https://en.wikipedia.org/wiki/Apple_III,2958,"TIL Because of a design flaw, when Apple III owners had problems (like garbled data) they were instructed to ""lift the machine 3 inches and drop it in order to re-seat the chips on the logic board."""
236,https://en.wikipedia.org/wiki/Joaquin_Phoenix,2956,"TIL Joaquin Phoenix, was born Joaquin Bottom. After his parents took his siblings and him out of the cult ""the children of god"" they renamed themselves Phoenix to symbolize a new beginning"
237,https://en.wikipedia.org/wiki/Percival_Lowell,2949,"TIL astronomer Percival Lowell believed that he was the first person to observe canals on Venus, but because of a faulty adjustment of the eyepiece of his telescope, he was in fact looking at the blood vessels in his own eye."
238,"https://en.wikipedia.org/wiki/I,_Libertine",2948,"TIL At the urging of radio host Jean Shepherd, listeners entered bookstores and asked for a book that did not exist. So many people took part in this hoax that the book was soon on The New York Times Best Seller list."
239,https://en.wikipedia.org/wiki/Bruce_Almighty,2943,"TIL that the fake phone number from ""Bruce Almighty"", was actually called by many people who asked ""are you God?"". One man with the number was a priest, who would reply ""No, but I can take a message""."
240,https://en.wikipedia.org/wiki/Bayezid_Osman,2936,"TIL that the current heir to the former Ottoman Empire, Bayezid Osman, is a US citizen, WWII Veteran, and lives in New York City where he worked as a librarian before retiring. He is 89."
241,https://en.wikipedia.org/wiki/Procter,2934,"TIL in the 1920s and 30s, Procter and Gamble (originally known for soap and candles) sponsored several radio shows, those shows becoming known as ""soap operas"""
242,https://en.wikipedia.org/wiki/Bad_Hair_Day,2932,"TIL Weird Al intended to parody the Beatles ""Free as a Bird"" on his album Bad Hair Day. Paul McCartney gave permission for the parody, but since John Lennon wrote the song, he passed the decision on to Yoko Ono, who said no."
243,https://en.wikipedia.org/wiki/Tomato,2929,TIL tomatoes are from America and weren't introduced in Italy until the 1540s.
244,https://en.wikipedia.org/wiki/Sega_NetLink,2924,"TIL there was a dial-up online gaming service for Sega Saturn that you accessed through a 28.8 modem cartridge that plugged into a phone line. There were no servers; to play against someone, your Sega called their Sega."
245,https://en.wikipedia.org/wiki/Eat_It,2923,"TIL In Australia, Weird Al's ""Eat It"" reached number one on the music charts, while the original, ""Beat It"", only peaked at number three."
246,https://en.wikipedia.org/wiki/Richard_Lee_McNair,2923,"TIL that in 2006, a man escaped from a US federal prison by mailing himself out"
247,https://en.wikipedia.org/wiki/Mudita,2919,"TIL the word 'mudita' means the joy of another person's joy, the opposite of envy."
248,https://en.wikipedia.org/wiki/PlayStation,2919,"TIL the PlayStation 2 had almost 13 years of production, enjoying new games until a month before the announcement of the ps4."
249,https://en.wikipedia.org/wiki/Kong_(dog_toy),2909,TIL that the Kong dog toy is based on part of a Volkswagen bus suspension that the creator's German Shepherds loved to play with
250,https://en.wikipedia.org/wiki/Operation_Pastorius,2909,"TIL that after betraying their mission and informing the FBI about Nazi agents on U.S. soil, the two men who saved America from Nazi infiltration were greeted with life imprisonment, threat of execution, and deportation."
251,https://en.wikipedia.org/wiki/Villa_Las_Estrellas,2909,"TIL that Chile has a civilian town in Antarctica, complete with a school, hospital, hostel, post office, internet, TV and mobile phone coverage."
252,https://en.wikipedia.org/wiki/Niihau,2892,"TIL that the Hawaiian island of Niihau has a population of 130, comprised of native Hawaiians. It is closed off to non-Hawaiians with the exception of a few tours and hunting safaris. On the island they speak Hawaiian and at the school they are taught to survive off of the island's resources."
253,https://en.wikipedia.org/wiki/Solenopsis_daguerrei,2875,"TIL there is a species of ant that will infiltrate a fire ant colony, kill the queen, then take her place. The workers raise the impostor's children, which then fly off to infest more colonies. They are being considered as a biological method to control the spread of fire ants."
254,https://en.wikipedia.org/wiki/Highlighter,2874,TIL Highlighters are typically yellow because it is the color that doesn't leave a shadow on the page when photocopied
255,https://en.wikipedia.org/wiki/Charles_Hatfield,2870,"TIL in 1915, San Diego hired a ""rain maker"" who used a secret mix of chemicals to ""attract rain"" for $10,000, payable if he filled their reservoir. It rained for most of January, destroying bridges, dams, and causing 20 deaths."
256,https://en.wikipedia.org/wiki/Cliff_Young_(athlete),2865,TIL in 1983 a 61 Year Old Farmer Won a 544 mile endurance race because he ran throughout the night while the younger 'professional' athletes slept.
257,https://en.wikipedia.org/wiki/Challenger_2,2858,"TIL since its introduction in 1998 and extensive combat use, the only thing that's ever destroyed the British Challenger 2 was another Challenger 2."
258,https://en.wikipedia.org/wiki/Hiroshima,2858,"TIL that a man named Tsutomu Yamaguchi was on a business trip in Hiroshima when the atomic bomb dropped. He was wounded, but returned to his hometown of Nagasaki, where the very next day the second atomic bomb was dropped. He survived both blasts and lived to 93."
259,https://en.wikipedia.org/wiki/HMX,2855,"TIL during WW2 a mix of high explosive and flour was given to guerrillas fighting the Japanese. Codenamed 'Aunt Jemima', it could be safely cooked into pancakes and eaten. Uneaten pancakes or unused dough could still be used later as explosives. 15 tons were used; the ruse was never discovered."
260,https://en.wikipedia.org/wiki/Yoda,2853,"TIL The name of Yoda's race and home world are never mentioned in any film, book, or media. He is officially said to be of a ""species unknown""."
261,https://en.wikipedia.org/wiki/The_Masseuse_(Seinfeld),2848,"TIL that in an episode of Seinfeld, Elaine tries to get her boyfriend to change his name, as it was the same as famous serial killer, Joel Rifkin. Elaine suggests he change his name to ""OJ"" after OJ Simpson. 7 months after the episode aired, OJ was put on trial for double murder."
262,https://en.wikipedia.org/wiki/O'Connor_v._Donaldson,2843,TIL that a man who was kept in a state mental hospital against his will for 15 years sued the state for loss of liberty. His case went all the way to the Supreme Court and marked the beginning of deinstitutionalization of mental asylums in the U.S.
263,https://en.wikipedia.org/wiki/Yuri_Gagarin,2841,TIL That Neil Armstrong and Buzz Aldrin left one of Yuri Gagarin's cosmonaut medals on the moon to pay tribute to his accomplishment as the world's first man in space
264,https://en.wikipedia.org/wiki/Galalith,2839,"TIL That a type of plastic can be made from Milk. The resulting product is odourless, insoluble in water, biodegradable, antiallergenic, antistatic and virtually nonflammable."
265,https://en.wikipedia.org/wiki/Saved_from_the_Titanic,2839,"TIL that 29 days after the Titanic sank, there was a film made about the Titanic. It featured an actress who was actually on the Titanic and survived. By the end, she was so traumatized by reliving the experience, she had a mental breakdown and never acted again."
266,https://en.wikipedia.org/wiki/Guinness_World_Records,2835,"TIL For the Guinness World Records, it is required in the guidelines of all ""large food"" type records that the item be fully edible, and distributed to the public for consumption, to prevent food wastage."
267,https://en.wikipedia.org/wiki/Doritos,2829,TIL Doritos were created at Disneyland in an attempt to use up old tortillas that would otherwise be thrown out.
268,https://en.wikipedia.org/wiki/Notitia_Dignitatum,2828,"TIL the 'Yin and Yang' symbol was actually a shield design from the late Roman Army, and predates Taoist representations by almost 700 years"
269,https://en.wikipedia.org/wiki/Contents_of_the_Voyager_Golden_Record,2826,"TIL Carl Sagan wanted to include the Beatles ""Here Comes the Sun"" on the golden record sent into space on the Voyager spacecrafts. The Beatles said yes, EMI said no."
270,https://en.wikipedia.org/wiki/Discovery_of_Neptune,2826,"TIL that the planet Neptune was mathematically predicted before it was directly observed, based on the orbit of Uranus."
271,https://en.wikipedia.org/wiki/The_Simpsons_Movie,2826,TIL Matt Groening said that enough material was cut from The Simpsons Movie to make two more films.
272,"https://en.wikipedia.org/wiki/Theodore_Roosevelt,_Jr.",2823,"TIL That Theodore Roosevelt's son, Theodore Roosevelt Jr, was the only General involved in the initial assault on D-Day, after insisting to his superiors that he be one of the first ones off the boats. He survived the battle but died of a heart attack one month later."
273,https://en.wikipedia.org/wiki/Bamboo,2821,"TIL most bamboo species only flower once every several decades, the entire population flowering at once; and, when one variety flowers, the entire variety flowers at the same time the world over, regardless of location, climate, or any other known factors, for reasons scientists have yet to discern."
274,https://en.wikipedia.org/wiki/Francis_Galton,2821,"TIL that over 800 people tried to accurately guess the weight of an ox at a fair in 1906. Although not a single person guessed the correct weight, the mean (average) of all the guesses was within 0.8% of the ox's actual weight."
275,https://en.wikipedia.org/wiki/Goodfellas,2820,"TIL that when Martin Scorsese read the book Wiseguy, which he would eventually adapt into the classic mob film Goodfellas, he called author Nicholas Pileggi and said, ""I've been waiting for this book my entire life"" to which Pileggi replied ""I've been waiting for this phone call my entire life."""
276,https://en.wikipedia.org/wiki/Miracle_of_Lanciano,2816,TIL the Catholic Church has an official position on Jesus' blood type. It's AB.
277,https://en.wikipedia.org/wiki/The_Landlord's_Game,2816,"TIL the precursor to Monopoly was designed to illustrate how rents enrich property owners and impoverish tenants, and that when children play the game, it would ""provoke their natural suspicion of unfairness."""
278,https://en.wikipedia.org/wiki/Viggo_Mortensen,2815,"TIL While shooting The Lord of the Rings, Viggo Mortensen (Aragorn) often spent days hiking to the film's remote locations, in costume and carrying his sword, in order to appear authentically travel-worn."
279,https://en.wikipedia.org/wiki/Rationing_in_the_United_Kingdom,2812,TIL that the intense rationing in England during WWII actually reduced infant mortality by guaranteeing nutrition to everyone.
280,https://en.wikipedia.org/wiki/Tobacco,2809,TIL that traces of cocoa and nicotine found in some Egyptian mummies have led some to speculate that Ancient Egyptians may have traveled to the New World (America).
281,https://en.wikipedia.org/wiki/Harrison_Ford,2807,"TIL On several occasions, Harrison Ford has personally provided emergency helicopter services at the behest of local authorities, in one instance rescuing a hiker overcome by dehydration in Jackson, Wyoming"
282,https://en.wikipedia.org/wiki/Parents_Music_Resource_Center,2807,"TIL that Frank Zappa's Grammy-winning album ""Jazz From Hell"" received a parental advisory sticker even though it is a collection of instrumental pieces and contains no lyrics at all"
283,https://en.wikipedia.org/wiki/Fire_hydrant,2804,"TIL that no one knows who invented the fire hydrant, because its patent was burned in a fire."
284,https://en.wikipedia.org/wiki/Daisy_Outdoor_Products,2803,TIL that the company Daisy Outdoor Products sold windmills and gave a complementary BB guns with every purchase. The BB guns became so popular that they stopped selling windmills and started selling BB guns.
285,https://en.wikipedia.org/wiki/61*,2798,TIL that in 1972 some of Aircraft Carrier USS Ranger's crew carried out two-dozen acts of sabotage to prevent the ship from returning to Vietnam
286,https://en.wikipedia.org/wiki/Trilemma,2796,"TIL a Dilemma is a difficult choice between just 2 options, Trilemmas, Quadrilemmas, and so forth exist for more options"
287,https://en.wikipedia.org/wiki/Cat,2794,"TIL The Bornean Bay Cat is one of the rarest wild cats in the world -- Only 12 specimens have been studied between the years of 1874 and 2002, and the species was never caught on film until 2009."
288,https://en.wikipedia.org/wiki/History_of_aspirin,2790,"TIL that the name 'Aspirin' was originally a trademark belonging to German pharmaceutical company 'Bayer', but after Germany's loss in WWI the company was forced to hand over the trademark as a part of the Treaty of Versailles in 1919."
289,https://en.wikipedia.org/wiki/Turkish_coffee,2789,TIL Coffee was so influential in Turkish culture that the Turkish word for 'breakfast' literally translates to 'before coffee' and the word brown translates to 'the color of coffee.'
290,https://en.wikipedia.org/wiki/Chuck_Yeager,2781,"TIL that 2 nights before he broke the sound barrier, Chuck Yeager fell off a horse and broke his ribs. He didn't tell anyone because he didn't want to be taken off the mission. He had a local veterinarian tape him up."
291,https://en.wikipedia.org/wiki/Ostrich,2779,TIL that there has never been a single recorded event where an Ostrich has buried his head in the ground when threatened.
292,https://en.wikipedia.org/wiki/Chrysler_PT_Cruiser,2778,TIL that the Chrysler PT Cruiser is actually a truck. Chrysler specifically designed it to fit criteria for a light truck in order to bring the average fuel efficiency of the company's light truck fleet into compliance with standards.
293,https://en.wikipedia.org/wiki/Rodrigo_de_Jerez,2778,"TIL The man responsible for introducing tobacco to Europe was imprissoned by the Spanish Inquisition because ""only Devil could give a man the power to exhale smoke from his mouth."""
294,https://en.wikipedia.org/wiki/Breakup_of_the_Bell_System,2775,"TIL that in 1982, AT&T, which had complete control of the telephone service in the US, broke up into 7 companies due to an antitrust case. Now, 4 of those companies once again belong to AT&T, 2 to Verizon, and the last to CenturyLink."
295,https://en.wikipedia.org/wiki/Golden_Buddha_(statue),2772,TIL in 1955 someone dropped a 600 year old plaster buddha statue... to discover the plaster was actually covering a solid gold statue.
296,https://en.wikipedia.org/wiki/B._F._Skinner,2770,"TIL that B. F. Skinner invented a temperature controlled baby crib that he called the ""heir conditioner""."
297,https://en.wikipedia.org/wiki/Bart_Sells_His_Soul,2769,"TIL The inspiration for the episode ""Bart Sells His Soul"" came from an experience Greg Daniels had in high school when he convinced a bully to sell him his soul and scared him into buying it back. He did it again until he realized the only person who ever profited on souls was Satan."
298,https://en.wikipedia.org/wiki/Michael_Crichton,2768,"TIL Michael Crichton, author of Jurassic Park, felt his literature professor at Harvard was giving him unfair grades. To prove it, he turned in a paper by George Orwell and received a B-"
299,https://en.wikipedia.org/wiki/Centennial_Light,2764,TIL the world's longest lasting light bulb has been burning for the past 113 years
300,https://en.wikipedia.org/wiki/George_V,2764,"TIL King George V's physician gave the dying king a lethal dosage of morphine and cocaine to hasten his death so that it could be announced in the morning edition of The Times rather than ""less appropriate evening journals"""
301,https://en.wikipedia.org/wiki/Victor_Lustig,2759,"TIL a man in France impersonated a government official, and managed to sell the Eiffel Tower not once, but twice."
302,https://en.wikipedia.org/wiki/Christianization_of_Kievan_Rus',2757,"TIL that in 986, Vladimir the Great, audited the major religions before choosing one to unify Russia. Apparently he decided against adopting the Muslim faith because ""Drinking is the joy of the Rus', we can't go without it""."
303,https://en.wikipedia.org/wiki/The_Program,2747,"TIL that the USSR and the USA were originally in talks to jointly go into space together during the Cold War. The USSR almost accepted but then President Kennedy was assassinated and the Soviets didnt trust Vice President Johnson, so the plan fell through."
304,https://en.wikipedia.org/wiki/Clone_trooper,2742,TIL no physical clone trooper armor was ever produced for Star Wars prequels. Every Clone trooper was CGI.
305,https://en.wikipedia.org/wiki/Space_Invaders,2735,"TIL By 1982, Space Invaders had grossed $2 billion. Just in quarters.."
306,https://en.wikipedia.org/wiki/German_submarine_U-530,2734,TIL two Nazi submarines declined to surrender when Berlin fell and instead submerged for two months before landing in Argentina. One is said to have offloaded a Nazi officer before being detected.
307,https://en.wikipedia.org/wiki/Bikini_Atoll,2726,TIL the flag of Bikini Atoll is symbolic of the islanders' belief that a debt is still owed by the U.S. to the atoll because of the thermonuclear detonations on the islands.
308,https://en.wikipedia.org/wiki/Great_white_shark,2725,TIL humans aren't appropriate prey for great white sharks because their digestion is too slow to cope with the high ratio of bone to muscle and fat.
309,https://en.wikipedia.org/wiki/Orthokeratology,2725,"TIL There are types of contact lenses worn only during sleep that reshape your cornea. After taking them out in the morning, your vision is as good as it would be while normally wearing contacts or glasses. Studies also suggest the lenses slow or stop myopic progression in children."
310,https://en.wikipedia.org/wiki/Library_of_Alexandria,2724,"TIL that in ancient Egypt, any books found in ships coming into port, would be brought immediately to the library of Alexandria and be copied. The original would be kept in the library and the copy given back to the owner."
311,https://en.wikipedia.org/wiki/Al_Capone,2719,"TIL after being seized by the feds, Al Capone's armored limousine was used to protect FDR after the attack on Pearl Harbor "
312,https://en.wikipedia.org/wiki/Bubble_wrap,2717,TIL The inventors of Bubble Wrap were originally trying to make plastic wallpaper.
